url,name,type,title,description,hover_description,code
https://image.converse.co.kr/cmsstatic/structured-content/16737/01_Home_03_720x900_%EB%B0%B0%EB%84%88.jpg?gallery,HAPPY_CAMPER,4,HAPPY CAMPER,에너지 넘치는 여름 컬러와 스마일 패턴으로 밝고 행복한 분위기를 연출해 보세요,구매하기,167642C
https://image.converse.co.kr/cmsstatic/structured-content/16778/Home_02_1440x900.jpg?gallery,CHUCK_70_CONCRETE_HEAT,8,CHUCK 70 CONCRETE HEAT,통기성 좋은 매쉬소재 텅이 적용된 프리미엄 캔버스 스니커즈로 시원한 썸머 룩을 연출해보세요,,167677C
https://image.converse.co.kr/cmsstatic/structured-content/16582/01_Home_01_1440x1800-1.jpg?gallery,PRO_LEATHER_SUN_BLOCKED,4,PRO LEATHER SUN BLOCKED,아카이브 디자인과 함께 한층 더 디자인을 강조한 2020년 여름시즌 프로레더 선 블록을 지금 만나보세요,,167854C
https://image.converse.co.kr/cmsstatic/structured-content/16580/01_Home_03_720x900.jpg?gallery,PRO_LEATHER_SUM_BLOCKED2,1,,,,
https://image.converse.co.kr/cmsstatic/structured-content/16735/Home_02_1440x900.jpg?gallery,CHUCK_TAYLOR_ALL_STAR_PSYCHEDELIC HOOPS,8,CHUCK TAYLOR ALL STAR PSYCHEDELIC HOOPS,그라데이션 기법이 적용되어 돋보이는 컬러감의 스니커즈로 여름 시즌 패션에 디테일을 더해보세요,,167592C
https://image.converse.co.kr/cmsstatic/structured-content/16430/01_Home_01_1440x1800.jpg?gallery,PRO_LEATHER_80S,4,PRO LEATHER 80s,대담한 컬러의 셔닐 스타 로고와 함께 레트로 코트 스타일이 다시 부활합니다,,167267C
https://image.converse.co.kr/cmsstatic/structured-content/16431/01_Home_01_1440x1800_2.jpg?gallery,PRO_LEATHER_90S,4,PRO LEATHER 90s,90년대 문화의 흥미로운 재해석으로 시간이 지나도 변치 않는 모던 아이콘이 탄생했습니다.,,166597C
https://image.converse.co.kr/structured-content/16635/SU20_G4_14_FULL_16x9.mp4,G4_VIDEO,2,,,,
https://image.converse.co.kr/cmsstatic/structured-content/16595/Home_01_1440x1800.jpg?gallery,G4_IMAGE,4,,,더 알아보기 ,
https://image.converse.co.kr/cmsstatic/structured-content/16585/01_Home_01_1440x1800.jpg?gallery,JACK_PURCELL,4,잭퍼셀 클래식,,"SIMPLICITY, WITH A SMILE",164057C
https://image.converse.co.kr/cmsstatic/structured-content/16588/KakaoTalk_20200410_134757015_01.jpg?gallery,JACK_PURCELL_BACKGROUND,2,JACK PURCELL,"스포츠 아이콘에서 스타일 아이콘으로의 진화, 아이코닉 ‘스마일 토’를 경험하세요",,
https://image.converse.co.kr/cmsstatic/structured-content/16630/01_Home_03_720x900.jpg?gallery,ARCHIVE_PRINTS,4,ARCHIVE PRINTS COLLECTION,유니크한 패턴으로 재해석한 아카이브 프린트 컬렉션을 회원전용 메뉴에서 만나보세요,,167629C
